string,cp.IMAG,cp.FAM
a,1.44,7
abandon,3.69,5.5
abasement,2.03,2.47
abbess,2.97,1.96
abdication,3.57,3.35
abdomen,6,4.75
abduction,4.93,4.32
aberration,2.27,2.48
ability,2.67,6.26
able,2.25,6.36
abode,5.07,3.68
abominable,3.59,3.98
about,1.38,6.65
above,3.06,6.47
abrupt,3.16,5.35
absolute,2.06,5.35
abstraction,0,4.08
abstruse,1.5,1.76
abuse,0,4.9
abused,3.56,5.36
abyss,5.17,3.47
acceptable,2.31,5.61
accord,0,3.94
accordion,6.5,4.19
accurate,2.53,6.06
accused,2.94,5.25
acknowledge,2.38,5.36
acorn,0,4.37
acquired,2.13,5.33
acrobat,6.53,4.22
active,4.22,5.92
actual,1.94,6.29
adage,2.77,2
adam,4.88,4.12
additional,2.5,5.29
adequate,2.06,5.25
admiral,6.2,4.88
advanced,2.72,5.63
advantage,2.37,6.02
adversity,2.8,4
advice,3.13,5.89
affable,2.66,3.06
affair,3.25,5.71
affection,4.87,5.64
affectionate,4.66,5.47
affirm,2.22,4.84
afraid,4.44,6.4
africa,0,5
afterlife,2.4,4.3
against,2.28,6.4
aggressive,3.97,5.4
agile,3.88,4.33
agility,4.57,4.37
agony,5.43,5.6
agreement,3.33,5.81
ah,2.84,6.21
air,4.17,6.77
alcohol,6.47,6.43
alert,4.03,5.55
algebra,5.17,5.23
alimony,4.47,4.55
alive,4.09,6.33
allege,2.22,3.19
allegory,2.13,3.43
alligator,6.87,4.26
allophone,0,1.14
alone,4.91,6.02
altered,2.28,5.04
alternative,2.06,5.58
although,1.31,6.53
always,1.88,6.81
am,1.84,6.73
amazement,4.47,5.35
ambassador,5.7,5.12
ambitious,3.81,5.8
ambulance,6.67,5.39
ambush,0,4.76
amendment,0,4.13
amount,2.73,6.31
amour,5.5,4.02
amplifier,5.8,5.14
an,1.25,6.82
analytic,2.5,4.45
ancient,4.41,4.69
and,1.31,7
anecdote,3.77,4.61
angel,5.5,5.18
anger,4.87,5.77
angle,5.5,5.52
angry,4.94,6.4
animal,6.1,6.67
animosity,3.6,3.64
ankle,6.77,5.64
annoying,3.56,5.6
annual,2.97,5.04
answer,2.77,6.61
answered,2.34,5.71
ant,0,5.21
antitoxin,3.6,2.54
anvil,0,3.42
anxiety,4.03,5.88
anxious,3.44,5.84
anyone,2.31,6.45
apparent,2.03,5.71
appear,3.22,5.83
appearance,4.07,6.18
appendix,0,5.33
apple,6.73,6.43
appliance,5.73,5.33
appreciate,2.47,5.92
apron,5.88,5.56
aptitude,2.6,5.45
arbiter,2.33,2.38
arbitrary,2.16,4.67
arbor,3.19,3.15
ardent,3.07,4.04
ardor,3.06,2.69
argue,3.91,6.04
arise,3.16,4.49
arm,6.53,6.55
armadillo,3.77,2.21
armor,4.88,3.43
army,6.53,6.2
aromatic,4.31,3.47
aroused,3.44,5.35
array,3.3,4.23
arrogant,3.78,4.47
arrow,6.57,5.3
artist,5.93,5.87
artistic,4.28,5.08
as,1.25,6.53
assault,4.8,5.1
assemblage,0,3.26
assumption,1.91,5.61
asymptote,0,3.21
at,1.38,6.79
athletics,5.7,5.88
atmosphere,4.23,5.87
atrocity,3.67,4.1
attempted,2.28,6.15
attendant,5.03,5.34
attended,2.59,5.41
attending,2.84,5.75
attentive,3.13,5.19
attitude,2.77,5.89
attribute,2.4,4.61
author,4.53,5.79
authoritative,3.19,4.83
automobile,6.87,6.04
available,2.28,6.06
avalanche,6.27,4.39
avenue,6.07,6.11
average,2.43,6.19
avid,3.25,3.94
await,2.38,4.96
aware,2.44,5.86
awkward,3.44,5.26
baby,6.7,6.47
back,4.16,6.35
background,4.03,5.73
bacteria,5.33,4.78
bad,3.19,6.65
bagpipe,6.43,4
bake,4.97,5.89
balloon,6.13,5.73
banality,2.03,2.21
bandit,5.83,4.28
banker,6.03,5.8
banned,2.84,5.4
banner,5.93,4.21
bar,6.4,6.22
bard,4.9,2.45
barnacle,4.5,3.17
baron,5.1,3.7
barrel,6.57,5
basement,6.03,5.81
bashful,3.75,4.75
basic,2.09,5.73
basilisk,0,1.19
basin,4.97,4.9
basket,0,5.02
bath,5.75,6.53
be,1.91,6.87
bear,6.03,5.58
beast,5.9,5.06
beautiful,5.38,6.53
beaver,6.5,4.51
because,1.44,6.73
become,1.94,6.43
bed,6.63,6.84
before,1.66,6.57
began,1.84,6.33
beggar,6.4,4.69
behind,3.38,6.43
belfry,4.43,2.51
belief,2.73,5.75
bell,0,5.75
belligerent,3.03,3.6
belongings,5.1,5.64
below,2.69,6.06
bend,4.53,5.5
bereavement,3.87,2.89
best,2.53,6.75
betrayal,3.57,4.2
better,2.13,6.73
beverage,5.87,6.06
bias,0,4.39
bib,0,4.29
bible,6.16,4.78
big,4.56,6.8
bilious,2.38,1.94
binoculars,0,4.88
bird,6.67,6.49
bison,5.56,3.38
bitter,4.19,5.49
bivouac,3.37,1.94
black,6.09,6.61
blacksmith,6.17,3.79
blandness,2.83,2.46
blasphemy,3.17,3.67
blessing,4.43,5.41
blink,4.66,4.9
blister,6.53,5.02
blood,6.7,6.34
bloom,5.63,4.75
blossom,6.67,5.43
blue,5.88,6.59
blunderbuss,3.47,2.17
blunt,3.81,4.74
board,6.07,6.06
boastful,3.59,4.55
body,6.4,6.72
boisterous,3.81,4.08
bonus,3.72,5.79
book,6.43,6.88
boredom,3.83,5.67
boring,3.63,6.3
born,4.25,6.12
bosom,6.57,4.92
boss,5.73,6.14
both,2.25,6.57
bottle,6.57,6.31
bottom,4.22,6.27
boulder,6.13,4.44
bouquet,6.77,5.19
bowl,6.3,6
boy,6.57,6.9
brain,5.93,6.31
bramble,3.31,3.35
brassiere,6.77,5.43
brave,4.13,5.49
bravery,4.4,5.06
bread,6.25,6.83
break,3.5,5.59
breast,6.77,5.91
breeze,5.87,5.53
bright,4.69,6.54
brilliant,4.63,5.27
broad-minded,3.78,5.3
broader,3.16,4.8
broken,4.66,6.29
bronze,6.17,4.38
brush,0,6.25
brutal,3.91,4.57
brutality,4.9,4.94
brute,5.17,4.29
bucket,6.13,5.06
buckle,0,4.67
buffoon,4.33,2.42
builder,5.7,5.94
building,6.4,6.63
bulky,4.5,5.11
bullet,6.47,5.57
bungalow,6.13,4.49
bunny,6.13,5.11
buoyant,4.09,3.61
burgher,2.69,1.73
burlap,5.03,4.06
burn,5.59,5.79
business,4.69,6.33
busloads,5.63,4.65
busy,3.81,6.67
busybody,5.17,4.33
but,1.38,6.76
butcher,6.27,5.13
butler,5.59,4.65
butter,6.57,6.63
butterfly,6.63,4.81
buyer,4.56,5.27
buying,3.78,6.31
buzzing,4.44,4.55
by,1.28,6.94
cabbage,5.75,5.5
cabin,6.47,5.45
cactus,0,4.4
calm,3.91,6.08
camel,6.03,3.92
camouflage,5.2,3.81
camp,6.57,6.25
can,3.56,6.79
canada,0,6.78
cancer,0,6.15
candid,2.94,4.14
candidate,4.67,5.49
candy,6.63,6.18
cane,6.43,4.82
cap,0,4.69
capable,2.66,5.94
capacity,3.4,5.52
captivated,3.59,4.38
captive,5.27,4.55
car,6.87,6.86
caravan,5.83,3.44
carefree,4.34,5.24
careful,3.06,6.45
careless,3.25,5.48
caressed,4.81,4.79
cargo,5,4.41
carpet,5.66,5.27
carried,2.78,6.14
carrot,0,5.5
carry,3.47,6.14
cars,6.16,6.89
casement,4.63,2.71
cash,6.17,6.32
castle,0,4.55
casualty,0,5.43
cat,6.8,6.42
caterpillar,6.57,4.39
cattle,6.4,5.15
caucus,3.34,3.04
causality,2.9,3.87
caustic,2.69,3.47
cautious,3.28,5.55
ceased,2.44,4.96
cell,6.47,5.59
cellar,6.27,4.98
cello,0,3.35
centennial,4.1,5.26
center,4.19,5.94
cerebrum,4.83,3.51
ceremony,5.37,5.24
chain,0,5.17
chair,6.63,6.83
chance,2.5,6.35
chanting,4.34,3.86
chaos,4.57,4.9
charlatan,3.43,1.98
charm,4.7,5.51
charter,3.83,4.42
chased,3.81,5.15
chasm,4.47,3.1
cheered,4.06,5.19
cheerful,4.41,5.73
cheery,4.38,4.57
cheese,6.16,5.8
chief,6.07,4.96
child,6.5,6.44
childish,3.97,5.79
children,6.25,6.65
chimney,0,5.19
chin,6.43,5.85
chloride,4.2,4.31
choirs,5.69,5.04
chorus,5.16,4.48
christmas,6.7,6.51
church,6.63,5.96
cigar,6.8,5.78
cinder,4.88,3.4
circle,6.23,6.08
circuit,4.97,4.71
circumspect,0,2.96
circumstance,0,5.47
circus,6.28,5.14
citation,3.57,3.46
cited,2.56,4.25
citizen,4.44,5.94
city,6.43,6.63
civil,2.69,5.48
claim,2.59,5.54
clarinet,0,5
classic,0,5.06
claw,6.33,4.85
clean,4.63,6.85
cleanness,4.77,4.73
clear,4.41,6.18
clearer,2.88,4.94
clemency,2.9,2.73
clever,3.59,5.65
client,4.31,5.64
climbed,4.03,5.37
cloak,0,4.37
clock,6.5,6.48
close,3.88,6.43
closer,3.13,5.85
clothing,6.17,6.54
cloud,0,5.92
clown,0,5.42
clumsy,4.28,5.59
clung,3.16,3.37
coast,6.13,5.94
cobblestone,5.87,3.21
cobweb,0,4.19
code,4.53,5.04
coffee,6.73,6.89
coin,6.5,5.9
cold,4.78,6.81
college,6.2,6.6
colony,5.1,4.56
color,4.75,6.17
colorful,5,6
combustion,5.1,4.92
come,2.56,6.71
comedy,4.9,6.28
comes,2.25,6.76
comet,5.31,4.66
comfort,3.34,6.2
comfortable,4.19,6.33
comforter,5.03,4.32
command,2.97,5.73
commence,0,5.29
committee,5.03,5.81
common,2.16,6.35
comparison,2.93,6
competence,2.97,4.98
competent,2.41,5.18
competition,4.53,5.9
complete,3,6.45
complicated,2.88,5.71
comprehensive,2.19,4.67
computation,2.84,3.68
comrade,5.57,4.6
comradeship,4.4,4.14
concave,4.78,4.1
conceited,3.88,5.37
concept,1.93,5.72
conclusion,0,6.27
condemned,3.28,5.43
confidence,3.4,6.02
confident,3.63,5.94
congenial,3.13,3.54
connoisseur,5.2,3.94
conquest,4.03,4.81
conscientious,3.16,5.1
conscious,3.16,6.11
consciously,2.41,5.83
conservative,3.41,5.85
consider,2,6.02
considerable,2.03,5.86
consist,1.81,5.96
consistent,2.44,5.4
constant,2.34,5.71
constituted,1.66,4.31
contents,3.57,6.06
context,2.13,5
continued,2.22,6.63
contract,4.5,5.52
contradictory,2.28,5.33
contributed,2.19,5.92
contributing,2.28,5.63
contribution,3.67,5.45
convention,5.07,5.06
cool,4.41,6.29
cooperation,3.4,5.42
cooperative,3.06,5.4
copybook,4.6,3.82
cord,6.03,4.82
core,5.17,4.92
corn,6.47,6.16
corner,6.13,6
corpse,6.5,4.46
cost,3.57,6.54
costume,5.8,4.94
cot,0,4.31
cottage,6.5,6.4
cotton,6,5.55
could,1.31,6.62
country,5.47,6.38
courteous,3.5,5.6
courtship,5.3,4.63
cow,0,5.37
cowardly,3.66,5.16
cowboy,0,5.61
cowhide,5.4,3.86
cradle,6.23,5
crag,4.77,2.85
cranium,4.53,3.53
created,3.13,5.47
creative,3.81,5.53
creator,3.87,4.71
creature,4.6,5.31
crime,4.43,6.08
crinkled,3.81,4.61
crippled,5.38,5.1
crisis,3.43,5.61
criterion,1.83,3.89
critical,2.53,5.57
cross,4.97,5.78
crossed,3.44,5.7
crushed,4.47,5.17
crutch,0,4.81
cry,5,6.21
cuisine,5.57,3.75
cunning,0,4.51
cup,0,6.71
curfew,4.59,5.11
current,5,5.49
custom,3.43,5.85
customary,2.34,4.92
cynical,3.5,4.04
daffodil,6.47,4.44
dalliance,2.43,1.55
damsel,6.03,3.13
dancing,5.53,6.19
dare,2.66,5.46
dark,5.63,6.57
dawn,6.37,5.55
daybreak,6.43,4.27
daydream,0,5.96
daylight,5.9,5.96
dead,5.5,6.55
deafening,4.56,4.55
deal,3.16,5.45
death,5,6.43
debacle,2.1,1.59
debonair,3.97,3.55
decaying,4.69,5.16
deceit,3.3,4.88
decorated,4.25,5.31
decoration,5.37,5.57
decoy,4.16,4.09
decree,3.3,4.55
deduction,2.67,5.32
deed,3.63,5.15
deep,4.69,5.71
defeated,3.47,5.83
defiant,3.84,4.59
delegates,3.94,4.94
deliberate,3,5.48
delicate,3.47,5.96
delirium,4.8,3.57
dell,3.37,2.49
deluge,4.57,3.48
demanding,2.66,5.73
democracy,2.47,5.92
demon,4.7,4.39
demonstration,0,5.63
dependable,3.13,5.71
depressed,4.22,5.87
deprived,3.31,5.35
derelict,4.6,2.85
describe,2.66,6.5
description,2.69,6.14
desire,3.34,5.9
destroyed,3.75,5.98
destruction,5.27,5.49
destructive,4.09,5.83
determination,3.57,5.67
determine,2.41,5.79
detonation,4.57,3.43
develop,2.41,5.98
development,3.07,5.76
devil,5.63,5.14
devotion,3.9,4.78
devoured,3.69,4.63
diamond,6.67,5.88
dice,0,5.27
differences,0,6.04
different,2.84,5.98
diffusion,3.4,4.73
dignified,3.56,5.17
diligent,3.78,4.6
dinner,5.93,6.74
direction,3.83,5.94
dirt,6.1,6.15
dirty,4.84,6.29
disaster,5.1,5.88
discipline,3.57,5.47
disclosure,2.17,3.61
disconnection,3.57,4.08
discord,2.69,4.4
discouraged,3.72,6.13
discovery,4.13,5.43
discretion,2.27,4.49
discriminating,2.94,5.49
disease,4.87,6.2
disgrace,3.66,5.5
dismal,3.5,4.51
disobedient,3.56,5.52
disparity,2.7,3.18
disposition,2.93,4.98
distinction,2.7,5.12
distraction,3.23,5.49
disturber,4.1,4.71
diver,0,4.88
do,1.41,6.73
doctor,6.4,6
does,1.31,6.69
doghouse,0,4.8
dogma,2.38,3.45
dogmatic,2.47,3.6
dogs,6.53,6.33
doll,6.17,5.73
dollar,6.5,6.73
domicile,4.2,2.59
domineering,3.72,4.78
donors,4.81,4.92
door,6.6,6.6
doorman,6.4,4.84
doors,6,6.56
dotage,2.44,2.04
dove,6.53,4.55
downcast,3.44,4.41
dowry,4.44,2.94
dozen,4.97,6.18
dragon,0,4.65
drama,4.9,5.75
draw,4.19,5.73
dream,4.6,5.94
dreamer,5.33,5.65
dreaming,4.84,5.2
dress,6.53,6.35
drill,0,4.88
drink,5.22,6.87
drum,0,5.39
drunkard,5.38,5.22
dry,4.13,6.55
duct,0,4.08
dull,3.41,6.1
dumb,3.69,6.21
dummy,5.83,5.18
dust,6.03,6.04
duty,3.17,5.75
dweller,4.37,4.72
dynamic,3.59,5.29
dynasty,3.63,3.96
eager,3.53,5.96
eagle,6.13,4.56
ear,0,6.12
early,3.44,6.15
earth,6.27,6.47
easel,0,3.06
easier,2.16,6.1
easy,2.53,6.75
easygoing,3.78,5.65
eating,4.91,6.66
eccentric,3.5,4.62
eccentricity,3.77,3.98
economy,3.2,6.2
edifice,4.7,3.7
edition,3.4,5.39
efficient,2.91,5.43
effort,3.33,6.18
ego,2.9,5.37
egotistical,3.5,4.06
egress,1.84,1.59
elaboration,2.63,4.06
elbow,6.3,5.94
elephant,6.83,4.42
elf,0,3.81
ellipse,0,4.77
else,1.53,6.24
emancipation,3.2,3.71
embezzlement,3.17,4
embryo,0,3.96
emergency,5.03,6.11
emotion,0,5.85
emotional,4.44,6.06
emphatic,2.56,4.57
emporium,2.93,2.19
empty,4.38,6.26
encephalon,2.17,1.27
encore,4,3.5
encouraged,2.63,5.37
endured,2.81,4.94
enduring,2.59,5.11
energetic,4.03,5.43
engagement,4.7,5.75
engine,6.33,5.61
ensemble,4.63,4.35
entering,3.63,5.8
enterprise,3.07,4.58
enterprising,2.56,4.69
entertained,3.91,5.37
enthusiastic,3.81,5.62
entire,2.59,5.71
entry,3.19,5.32
envious,3.25,5.1
episode,3.37,4.71
epistle,4.23,3.27
equal,2.74,6.31
equity,2.23,3.59
errand,4.27,4.81
erupt,4.53,5.06
essence,2.33,4.24
essential,2.06,5.86
established,2.55,5.88
estimate,2.38,5.59
ethical,2.19,4.19
euphemism,0,2.35
europe,0,6.31
evangelist,4.97,3.63
even,3.03,6.19
event,2.9,6.14
every,1.78,6.71
evidence,3.23,5.24
evil,4.19,5.78
exact,2.31,6.46
exacting,2.41,4.49
exactitude,2.23,2.47
examination,6.07,6.39
examine,3,5.89
excellent,3.31,6.27
excessive,2.69,5.33
excitable,3.72,4.85
exciting,3.84,6.16
exclusion,2.8,3.94
excuse,2.77,6.27
executioner,0,4.58
exertion,4.33,4.33
exhaust,5.17,5.46
exhaustion,5.1,5.6
exhibit,3.44,5.04
exit,5.19,6.56
expected,2.44,5.83
expensive,3.78,6.73
explained,2.56,6.11
explanation,2.9,5.84
expose,3.06,4.86
exposed,3.94,5.37
expression,3.57,5.67
extensive,2.56,5.08
extermination,4.03,3.86
extravagant,3.88,5.13
exuberant,3.78,4.14
eye,0,6.44
fabric,5.6,5.17
facilitated,2,4.4
facility,2.73,5.23
fact,2.2,6.49
factor,2.13,5.37
factory,6.43,6.02
fail,3.53,6.47
fair,3.84,6.32
faked,2.69,5.27
falconer,4.03,2.08
fallacy,2.3,4.19
falling,4.29,5.67
false,2.66,6.43
family,5.81,6.42
famine,0,4.84
famous,3.44,5.96
fancy,3.55,5.77
fantasy,3.7,4.75
far,3.59,6.41
farther,2.42,6.06
farthing,3.91,2.66
fashion,5.3,5.46
fast,3.91,6.55
faster,3.13,6.39
fat,5.69,6.53
fate,2.37,5.32
fatigue,5.07,5.39
fault,2.83,5.96
favorite,2.91,6.37
feather,0,5.25
feeble,0,4.61
feet,6.06,6.68
feline,4.67,3.17
felled,3.75,3.31
fence,0,5.63
festivity,5.3,4.51
fetish,2.03,3.34
fetus,0,4.48
feudal,3.41,4.13
feudalism,3.83,3.67
few,2.69,6.72
fiber,4.22,4.29
fidgety,3.84,4.89
figment,2.3,3.92
figure,5.56,5.47
filter,4.91,5.29
final,3.84,6.14
find,2.81,6.37
fingers,6.25,6.36
finished,3.25,6.4
fiord,5.7,3.53
fire,6.7,6.4
fireman,0,5.44
fireplace,6.83,5.69
firmament,4.3,2.71
first,2.94,6.69
fish,0,5.94
fisherman,6.5,5.17
fixed,3,6.13
flag,6.6,6.1
flaming,5.16,5.06
flashlight,0,5.39
flask,6.5,4.41
flattered,3.33,5.3
flawless,3.84,4.53
flesh,6.13,5.2
flexibility,4,4.65
flighty,3.07,3.81
flippant,3.25,3.81
flipped,3.69,5.21
flocks,5.75,4.06
flood,6.33,5.57
flower,6.57,5.96
flutter,4.22,4.34
foam,6.33,5.02
foible,2.2,2.02
folded,4.13,5.6
folly,2.93,4.21
fond,3.28,5.96
foot,6.31,6.45
footballs,6.31,6
footwear,6.1,5.04
for,1.41,6.86
forbade,2.72,3.89
forehead,6.27,5.61
foreign,3.81,5.79
forest,6.63,5.58
forethought,2.57,3.71
forgetful,3.16,5.91
fork,6.57,6.04
form,4.3,5.92
format,0,5.33
formation,3.87,5.11
former,2.25,5.63
fortune,4.57,5.31
forward,2.84,6.36
founder,2.97,4.27
fowl,5.87,4.65
fox,6.73,5.29
franchise,2.9,3.63
frantic,3.75,4.96
free,3.69,6.73
freedom,3.83,6.31
freely,3.16,6.26
fresh,4.44,6.16
friars,4.88,3.57
friction,4.33,5.39
friend,6.37,6.7
friendly,4.25,6.44
frightened,4.38,6.11
frigid,4.59,4.84
frivolous,3.47,4.43
frog,6.73,5.69
from,1.72,6.85
front,4,6.35
frontage,4.57,3.69
fruit,5.53,6.19
frustrated,3.56,6.02
frying-pan,0,6.06
fulfilled,2.41,5
full,4.41,6.39
fun,5.23,6.61
function,2.19,5.59
functionary,1.77,2.96
funds,4.19,5.67
funny,4.63,6.57
fur,6.23,5.68
furnished,4.66,5.49
furniture,6.17,6.2
further,2.47,6.18
fury,4.31,4.53
fussy,3.75,4.81
gadfly,3.77,1.98
gaiety,5.63,5.04
galaxy,6,4.63
gallery,5.97,4.94
garden,6.73,5.43
garments,5.83,5
garret,4.13,2.16
gate,0,5.76
gaudy,4.34,4.2
gear,0,4.77
geese,6.53,4.63
gem,6.4,4.88
gender,2.9,4.91
genius,4.27,5.22
gentle,3.97,6.18
gentleman,6.2,6.06
get,1.66,6.67
ghost,5.37,5.06
giddy,4.41,3.78
gift,5.77,6
gilt,4.2,3.52
gingham,5.33,2.43
giraffe,0,4.21
girl,6.87,6.92
gist,1.97,3.65
give,3.38,6.64
glacier,6.07,4.49
glad,4.19,6.08
glazed,3.81,4.6
glitter,5.28,4.53
gloom,3.84,4.85
gloomy,4.22,5.27
glory,4.13,5.2
glum,3.53,3.94
glutton,5.77,4.1
go,3.25,6.78
goat,0,4.9
goblet,6.03,3.46
goddess,5.23,4.12
gold,6.47,6.1
golden,5.84,5.29
golf,6.7,5.71
good,3.13,6.9
good-natured,4.19,5.57
gore,4.67,3.37
gracious,3.72,4.73
graduation,6.03,6.08
grandmother,6.43,5.85
granny,5.63,5.11
graphic,3.13,4.08
graphite,4.19,3.57
grass,6.63,6.3
gratitude,3.7,4.98
gravity,3.6,5.33
great,3.69,6.58
greatly,2.41,6.1
greed,3.53,5.09
greedily,3.41,4.71
greedy,3.91,5.37
green,6.6,6.55
gregarious,2.91,2.82
grief,4.7,5.49
grocer,5.31,5.43
guaranteed,2.69,5.63
guardhouse,5.8,3.69
guitar,0,5.9
gullet,3.44,2.91
gullible,3.22,5.36
guns,6.13,6.11
gust,4.47,4.55
gutted,4.59,4.2
gymnastics,5.83,4.77
habitation,4.6,4.34
habitual,2.91,4.67
hairpin,6.13,4.55
hall,6.37,6.3
hamlet,5.87,4.36
hammer,6.73,5.47
hand,6,6.57
handcuffs,0,4.98
handful,4.91,5.88
hands,6.19,6.15
hankering,2.23,3.04
haphazard,3.03,4.53
happily,3.88,5.9
happiness,5.13,6.17
happy,4.72,6.71
harbor,6.06,4.88
hard,4.34,6.66
hardly,1.84,5.45
hardship,4.1,5.2
hardwood,5.77,4.73
harem,5.42,3.78
harness,5.1,4.44
harp,6.6,4.7
hasty,3.34,5.32
hat,0,6.18
hatred,3.97,5.84
have,1.61,6.88
he,4.53,6.9
head,5.69,6.62
headlight,6.43,5.78
headquarters,5.03,4.69
headstrong,3.66,4.67
health,4.1,6.33
hear,3.53,6.54
hearing,3.77,6.16
heaven,4.13,5.73
heavy,4.91,6.41
hectic,3.63,4.27
help,0,6.25
helpful,3.06,5.82
henchman,4.67,2.53
herded,4.06,3.63
here,1.88,6.69
heredity,3.53,5.47
hermit,5.56,3.98
heroism,4.17,4.78
hesitant,3.34,4.9
hesitate,3.16,5.85
hexagon,0,3.53
hidden,3.16,5.63
hide,3.8,5.19
hierarchy,5.13,3.53
high,4.16,6.74
hillside,6.3,5.09
him,4.47,6.73
hindrance,3.07,3.8
hint,2.57,5.89
his,2.88,6.83
history,3.47,6.17
hold,3.22,6.46
hollow,4.75,5.6
home,6.5,6.65
homicide,4.17,4.69
honest,3.31,6.47
honeycomb,6.23,4.45
honour,3.5,5.82
hoof,6.37,4.2
hope,3.83,6.02
horn,0,5.27
horse,6.8,6.17
horsehair,5.67,3.78
horseshoe,0,4.59
hospital,6.53,6.06
hostage,5.57,4.37
hostile,4.53,5.33
hostility,4.23,5.12
hot,5.59,6.61
hotel,6.4,5.92
hotter,4.72,5.92
hound,6.27,4.73
hour,3.6,6.73
house,6.67,6.79
housed,3.69,4.98
how,1.5,6.65
however,1.34,6.04
humming,4.44,5.49
humorous,4.28,5.9
humour,4.57,6
hungry,5.06,6.45
hurdle,6.33,4.77
hurled,4.28,4.19
hurricane,6.33,4.46
hurt,4.28,5.98
husband,5.59,6.15
hybrid,3.63,3.75
hypothesis,2.4,4.85
hyssop,1.34,1.21
i,3.97,6.88
ice-box,6.17,3.79
ice-cream,0,6.1
iceberg,0,4.46
icicle,0,5.6
idea,2.2,6.5
idealistic,3.31,5.34
identified,2.22,5.23
idiom,3,4.6
if,1.38,6.85
ignorance,3.57,5.98
illumined,3.66,3.61
illusion,3.53,5.06
imaginative,3.53,5.38
immature,4.25,5.98
immense,4.22,5.12
immunity,3.43,4.87
impact,4.47,5.04
impartial,2.31,4.88
impetuous,2.84,3.96
important,3,6.64
impossible,2.41,5.61
impotency,3.4,3.88
impropriety,1.87,2.42
improve,2.56,6.18
impudent,2.91,4.14
impulse,3.7,5.14
impulsive,3.44,5.29
in,2.5,6.94
inaccurate,2.34,5.37
inanity,1.83,1.77
incident,2.9,5.3
inclemency,3.03,2.12
incorrect,3.19,6.04
increment,2.63,3.02
indecisive,2.81,4.78
independent,3.25,5.63
indicated,1.78,5.65
indication,0,5.4
induce,2.47,4.88
inducement,2.93,3.63
industrious,3.81,4.98
industry,5.77,6
inebriety,3.53,2.04
infant,6.33,5.53
infantile,4.03,4.47
infection,4.87,5.11
infirmary,5.63,4.77
influenced,2.16,5.82
ingratitude,2.93,4.06
inhabitant,4.33,5.11
initiative,2.44,5.2
injury,5.7,6.08
ink,6.37,6.14
inn,6.07,4.9
inquisitive,3.16,4.53
insect,6.1,5.72
insecure,3.41,5.41
inside,3.38,6.51
insincere,2.94,5.19
insolence,3.93,4.68
insolent,3.09,4.15
inspired,3.09,5.23
instance,2,5.4
instinct,3.03,5.77
institute,4.6,5.33
instruction,0,5.92
instructor,5.7,5.71
instrument,5.67,5.94
integer,0,4.9
intellect,2.93,5.47
interest,3.13,6.24
interesting,3.22,6.08
interim,1.97,3.49
interview,5.03,5.74
intimate,5,5.39
into,1.84,6.64
introduced,2.91,5.84
introductory,2.22,5.14
invading,3.88,4.53
investigation,3.6,5.62
invoice,5.17,4.74
involved,3.28,6.26
ion,3.09,4.2
iron,6.07,6.11
irony,2.83,5
irresistible,4.28,5.94
irritable,3.47,5.41
is,1.47,7
islander,5.43,4.23
issue,3,5.59
it,1.63,6.94
item,3.67,6.08
jail,6.43,5.46
jealous,4.34,5.59
jealousy,4.72,5.4
jelly,6.4,5.48
jeopardy,3.03,3.92
jib,0,2.85
jockey,0,4.33
join,2.81,5.71
joint,0,5.67
joke,4.27,6.51
journal,5.6,4.96
joviality,5.2,2.9
joy,5.43,6.06
joyful,4.69,5.78
judge,6.27,5.6
judicious,2.78,4.24
jug,0,5.38
juggler,6.1,4.04
jump,4.66,5.88
jungle,5.75,4.79
jury,6.07,5.38
justice,3.6,6.06
keen,2.72,4.81
keep,2.03,6.52
keg,6.4,3.4
kerchief,5.23,4.79
kerosene,5.77,4.02
kettle,6.23,5.52
key,0,6.52
killed,5,6.47
kind,3.56,6.37
kindness,4.2,6.06
kine,2,1.22
king,6.27,5.58
kinsman,4.22,3.49
kiss,6.8,6.34
kite,0,4.8
kittens,6.22,5.16
knife,0,6.38
knocker,0,3.92
know,1.84,6.84
knowledge,2.97,6.29
knuckle,5.31,5.24
ku-klux-klan,0,4
labor,4.41,5.8
labyrinth,4.83,3.08
lacked,1.75,5.18
lad,6.33,5.13
ladder,0,5.47
ladies,5.97,6.49
lake,6.67,6.37
lamp,6.22,6.36
landscape,6.43,5.43
lantern,6.06,4.31
lapel,0,4.02
large,4.38,6.74
lark,6.2,4.33
last,2.72,6.49
late,3.53,6.72
lateral,0,4.22
latest,2.31,6.18
launder,4.16,3.88
law,3.73,6.17
lawful,2.56,5.4
lawn,6.57,5.51
lay,4.09,6.06
lazy,4.28,6.27
leader,5.13,5.98
leaf,0,5.98
leaflet,5.47,4.73
lecture,5.57,6.49
lecturer,5.7,6.14
left,3.78,6.65
leg,0,6.25
leggings,5.87,2.98
legislation,3.33,5.06
legume,4.69,2.98
lemon,6.83,5.35
lemonade,6.5,5.65
lend,2.81,6.06
length,3.73,6.1
leopard,6.77,4.71
letter,6.37,6.57
letterhead,5.13,3.98
lewd,2.78,3.3
library,6.73,6.43
lice,5.57,3.69
life,4.07,6.57
lift,4.28,5.86
lifted,3.4,5.66
light,5.72,6.22
lighter,0,5.69
lighthouse,0,4.5
like,2.72,6.82
likeable,3.53,5.82
limb,6.17,5.44
lime,5.67,4.23
limelight,4.83,4.02
limited,2.22,5.51
link,4.8,5.14
lion,6.5,5.36
lip,6.57,6.08
liquor,5.72,6.46
listless,3.22,3.98
little,4.34,6.56
live,4.13,6.71
lively,4.13,6.22
liver,5.38,4.86
lobster,6.57,4.49
locker,6.27,5.59
locomotive,0,4.45
log,0,5.06
logical,2.41,5.79
logically,2.31,4.78
lonely,4.31,6.21
long,4.09,6.64
look,3,6.71
loose,3.72,6.34
loquacity,3.4,1.62
lord,4.63,5.5
lorry,4.31,2.2
lotion,5.03,4.88
loud,4.25,6.31
love,5.6,6.67
loving,5,6.13
low,3.59,6.2
loyalty,4.07,5.59
lubricant,5.23,4.94
lumber,5.78,5.47
lump,5.63,5.41
macaroni,6.47,5.04
machine,6,5.89
mad,4.59,6.35
madame,5.09,4.54
madness,4.03,5.13
magazine,6.4,6.41
magnate,3.72,2.82
magnifying-glass,0,4.45
magnitude,2.5,4.71
maiden,6.1,4.21
main,2.66,6.44
mainly,1.66,6.23
maintained,2.22,5.38
majestic,4.34,4.31
major,3.69,5.98
majority,3.63,6.06
make,2.53,6.82
maker,3.57,5.38
malady,3.37,3.27
malaria,4.83,3.96
malice,3.3,3.94
malicious,3.72,4.46
mammal,5.57,4.98
man,6.16,6.85
manage,2.5,5.48
management,3.9,5.49
mankind,4.16,5.67
mantle,6.27,4.78
many,3.09,6.58
map,0,5.61
market,6.13,5.27
marriage,5.8,6.16
married,5.91,6.55
mast,6.43,4.38
master,4.97,5.35
mastery,2.77,4.11
material,5.07,5.94
mathematics,4.5,6.15
matter,2.69,5.94
mature,3.28,6.1
maybe,1.47,6.38
me,3.06,6.67
meadow,6.43,5.55
measure,3.38,5.54
meat,6.63,6.51
medallion,5.87,3.78
mediocre,2.75,4.43
meeting,5.2,5.96
melodies,4.69,4.89
melon,0,4.81
memory,3.1,6.33
menace,3.73,4.65
mercenary,4.22,3.55
mercy,3.4,5
mermaid,6,4.02
metal,5.87,5.8
metaphor,0,5.19
method,2.63,6.04
methodical,2.94,4.44
meticulous,2.94,3.94
metronome,0,2.65
metropolis,5.97,4.38
microscope,6.57,5.08
might,1.88,6.14
mild,2.97,5.9
mileage,4.53,5.98
minaret,0,2.08
mind,3.03,6.51
minor,2.63,5.43
minstrel,5.19,4.06
miracle,3.33,4.61
mirage,4.97,4.32
mischief,4.03,4.53
mischievous,4.31,4.92
misconception,2.3,4.43
misery,4.37,5.31
miss,4.13,6.49
missile,6.33,5.29
mistake,3.5,6.24
mistaken,2.34,6.12
mitts,0,5.4
mixer,0,5.23
modern,3.34,6.19
modest,3,5.86
modified,2.16,4.67
moisture,5.2,5.02
molecule,4.43,4.89
moment,2.5,6.18
monarch,6.2,4.44
money,6.43,6.84
monk,6.4,4.41
monsoon,4.56,3
month,4.37,6.38
mood,3.67,5.81
moon,6.22,6.57
mop,0,4.83
moral,3.17,5.77
more,2.13,6.91
morgue,6.03,4.33
morning,5.97,6.66
mosquito,6.53,5.15
moss,6.33,4.32
mother,6.67,6.86
mountain,6.77,6.08
mournful,4.72,4.71
moustache,0,5.21
move,3.19,6.45
much,2.38,6.67
mucous,5.53,3.04
muddy,5.32,5.81
mug,0,5.45
mule,6.6,4.84
multiplication,4.73,6.08
murder,5.4,5.92
muscular,5.94,5.67
music,5.44,6.33
musical,4.41,5.78
musician,6.13,5.98
must,1.47,6.59
mutton,5.03,3.37
my,1.94,6.87
naiad,1.16,1.14
nail,6.5,6.12
naive,3.16,5
namesake,3.37,3.98
narrow,4.69,5.94
nasty,3.59,5.47
national,3.75,5.96
natural,3.44,6.34
nature,5.09,5.39
naughty,3.84,5.41
near,3.41,6.39
nearly,2.53,6.51
neater,3.53,4.92
neatest,3.56,5.27
necessity,3,5.81
nectar,5.33,3.84
needle,5.81,5.96
negligent,2.97,4.63
nephew,4.3,4.92
nervous,4.37,6.19
nest,0,5.31
net,0,5.54
neurotic,3.97,4.96
neutral,2.47,5.31
new,3.5,6.83
newspaper,6.57,6.73
nice,2.78,6.48
nicely,2.31,5.9
nightfall,6.17,5
noble,3.53,4.5
noisy,1.38,6.49
nonchalant,3.31,4
nonsense,3.07,5.14
noose,6.23,3.44
normal,2.31,6.39
northwest,4,4.71
nose,0,6.27
nostalgia,0,4
noticed,2.06,6.06
novel,5.56,5.69
now,1.56,6.75
noxious,3.28,3.1
nozzle,0,4.24
nude,0,5.96
nullified,2.22,3.59
numbers,5.25,6.55
nun,6.67,5.26
nursery,6.1,4.89
nutmeg,5.37,3.94
nuts,0,5.49
nymph,5.63,3.72
oasis,0,3.81
oatmeal,5.47,4.65
oats,6.07,5.04
obedience,3.67,5.4
obedient,3.31,5.44
obelisk,0,1.71
obey,3.13,5.78
obnoxious,3.28,4.94
oboe,4.34,3.04
obsession,3.87,4.96
obstinate,3.41,4.3
obtained,2.03,5.24
occasion,2.53,6.06
occupied,3.28,5.64
ocean,6.77,5.63
octagon,0,4.06
octopus,0,4.1
odor,5.13,5.36
of,1.19,6.98
off,2.44,6.71
offensive,3.47,5.61
office,5.56,6.14
officer,6.23,5.89
offshoot,3.67,3.33
oh,2.06,6.33
old,4.5,6.74
omen,3.63,3.58
on,2.13,6.86
one,3.91,6.77
only,1.66,6.75
onslaught,3.67,3.77
open,3.84,6.12
opened,3.88,6.45
opinion,3.23,5.9
opium,4.6,4.26
opportunity,3.03,6.19
optimistic,3.47,5.24
or,1.25,6.71
oral,3.47,5.43
orchestra,6.77,5.82
order,2.69,6.02
orderly,4.31,5.31
ordinary,2.09,6.24
organized,2.94,5.58
origin,2.3,5.67
original,2.78,5.65
originated,2.56,4.88
originator,3.3,4.49
osculation,2.7,1.78
ostrich,0,3.98
our,2.66,6.86
ousted,2.66,3.5
out,2.69,6.77
outcome,2.4,5.29
outfit,5.09,5.46
outgoing,3.13,5.64
outlandish,2.88,3.47
output,2.78,5.27
outside,4,6.47
outsider,5.27,5.08
outspoken,3.16,5.77
oven,6.4,6.31
over,2.16,6.38
overjoyed,4.16,5.08
overlooked,2.75,5.33
owner,4.23,6.15
ownership,3.27,5.04
oxide,3,4.04
oxygen,4.27,5.59
oxymoron,0,2.04
pacifism,3.9,4.04
pact,3.5,3.79
padlock,5.34,4.27
paint,5.88,5.88
painter,5.87,6.15
palace,6.5,4.39
panic,5.33,5.63
panorama,4.47,3.63
paper,6.3,6.79
parallelogram,0,4.27
parents,6.06,6.63
particular,2.13,5.54
party,6.27,6.59
passageway,5.53,4.81
passing,3.34,6.06
passion,5.3,5.46
passionate,4.97,5.47
passive,2.56,5.45
passport,5.63,4.69
patent,3.43,4.66
patron,3.44,4.65
peacemaker,4.03,4.27
peach,6.6,5.98
pebble,5.63,5.17
peek,3.75,4.9
pelt,5.4,3.94
pencil,6.37,6.35
penguin,0,4
penitent,2.91,3.04
people,5.72,6.85
pep,4.6,4.85
pepper,6.27,6.08
perception,3.17,5.98
perfect,3.81,6.53
performer,5.43,5.19
performing,3.44,5.47
perhaps,1.44,6.3
period,4,6.22
periodical,4.93,5.17
perjury,3.37,4.1
permission,2.87,5.73
permitted,2.5,5.43
persistent,3.03,5.64
person,5.83,6.6
persuasive,3.31,5.15
pessimistic,3.75,5.57
pestle,2.09,1.77
phantom,5.03,3.49
philosophy,0,5.35
photograph,6.43,5.85
physician,6.37,5.79
pianist,6.43,5.13
piano,6.7,5.96
picture,6.2,6.24
pie,0,6.27
pierced,4.72,5.09
pillaged,3.72,2.81
pipe,6.43,5.78
piston,5.37,4.49
plain,5.37,5.92
plan,3.44,6.08
plank,6.3,5.23
plant,6.5,6.31
plausible,2.19,4.75
played,3.47,6.24
playful,4.56,6.12
playing,4.19,6.45
plead,3.66,4.78
pleasant,3.63,5.87
pleasing,3.34,5.91
pleasure,4.8,6.38
pledge,3.63,4.16
pliable,0,4.38
poet,5.27,5.84
poetry,4.9,5.77
points,3.88,5.83
poised,3.78,4.96
poison,5.25,5.55
pole,6.1,5.29
policeman,6.7,6.1
polished,4.66,5.25
polite,4.13,6.02
pollution,4.63,5.94
pompous,3.5,3.53
poor,4.56,5.9
popular,4.03,6.66
porches,5.31,4.02
portal,5.1,2.92
porter,5.5,5.27
portrait,5.87,4.67
position,2.97,5.83
possessive,3.53,5.18
possible,1.81,6.35
poster,6.33,5.85
potato,6.5,6.55
poverty,5.07,5.69
power,4.47,5.77
practical,2.69,6.04
practiced,2.56,6
practicing,3.69,5.69
prairie,6.47,4.89
prayer,5.17,5.36
preaching,4.28,4.94
preceded,2.16,4.53
preception,0,5.98
precious,4.06,5.53
precise,2.78,5.47
predicament,3.3,4.73
predicted,2.16,5.18
prefaced,2.69,4.1
prefix,2.97,4.29
prejudiced,3.78,6.02
preliminary,1.88,4.49
present,4.8,6.09
presentable,3,4.96
presented,2.78,5.45
preserved,3.59,4.8
pressure,4.1,5.83
prestige,3.67,4.81
pretty,4.81,6.57
prevented,2.53,5.47
preview,4.03,5.24
previous,2.16,5.85
pride,4.23,6.06
priest,6.53,5.29
prim,3.25,4.06
prior,2.13,4.84
prison,6.23,5.02
prisoner,6.23,5.29
private,3.5,6.06
problem,3.72,6.38
procession,5.7,4.92
product,4.2,6.02
productive,3.25,5.43
profession,3.83,5.83
professor,6.17,6.51
proficient,3.06,4.24
profile,5.97,4.85
prohibited,2.47,5.27
promise,2.72,6.38
promised,2.44,6.06
promising,2.47,5.29
promotion,3.33,5.72
proper,2.41,5.86
property,4.87,5.61
proprietor,5.1,4.92
prosaic,2.25,2.38
prosecutor,5,4.94
prosperity,4.47,5.63
prosperous,4.22,5.6
proud,4.31,6.16
provided,2,6.16
provoked,3.16,4.94
proxy,2.7,3.54
pudding,6.27,5.08
punctual,3.34,4.8
puncture,4.59,4.71
punishable,2.5,4.69
pupil,6.37,6
puppet,0,4.22
purchased,3.22,5.9
pure,3.31,6.3
push,3.69,6.04
pyramid,0,3.98
python,5.47,3.02
quality,3.1,6
quantity,3.47,5.92
quarter,5.56,6.43
quarterbacks,5.81,5.67
queen,6.57,5.88
querulous,2.38,1.88
quest,4.53,4.53
question,3.44,6.1
questionable,2.84,5.25
quibble,3.66,3.76
quick,3.34,6.24
quickly,3.22,6.27
quiet,3.75,6.45
quietly,3.09,5.88
quotient,3,4.45
racket,5.28,5.27
racketeer,5.07,3.69
radical,3.06,5.4
radish,0,4.96
raft,0,5.23
raging,4.78,5.04
railroad,6.27,5.33
raiment,3.41,2.62
rainbow,6.38,4.71
raised,3.44,5.85
rampaging,4.66,3.73
rampant,2.94,2.87
ramrod,3.5,2.51
rancid,3.22,2.82
raspberry,0,5.38
rating,2.6,5.18
rational,2.44,4.98
rattle,6.3,4.74
razor,0,5.51
reaction,3.83,5.55
real,2.47,6.48
really,1.78,6.02
reason,1.78,6.66
reasonable,2.53,6.25
rebellious,4.56,5.3
recent,2.44,5.53
recess,3.94,4.96
recital,4.97,5.08
reckless,3.69,5.57
recognition,3.6,5.47
recommended,2.47,5.98
record,0,6.39
rectangle,0,5.1
red,6,6.73
reflection,5.9,5.45
reflex,4.73,5.55
refrained,2.75,5.32
refresh,3.66,5.29
refrigerator,6.67,5.88
registered,2.88,4.91
regular,2.72,6.2
relativity,0,4.12
relax,3.59,6.11
reliable,3.28,5.45
relic,4.22,3.96
religion,3.91,6.16
reluctant,2.66,5.29
remaining,2.5,5.81
reminder,2.83,5.83
rendezvous,5.2,4.38
renewed,2.28,5.06
renown,2.91,4.23
replaced,2.59,5.72
replacement,2.7,5.31
reply,3,5.9
report,3.59,6.34
reptile,6,5.11
required,1.75,5.91
research,4.13,5.83
resentful,3.81,5.37
residue,4.87,4.41
resolved,2.19,4.27
respectable,3.56,5.96
response,3.09,5.84
responsible,3.09,6.28
rest,3.56,6.41
restaurant,6.47,6.33
restless,3.81,5.92
resumed,2.31,4.77
retailer,4.33,4.69
retrospect,0,3.54
return,2.38,6.22
revealed,3.06,5.57
revised,2.78,5.51
revolt,5.07,5.37
revolver,6.7,5.26
rhapsody,4.23,3.73
rheumatism,4.5,4.11
rhinoceros,0,4.4
rich,4.53,6.4
rickety,4.09,3.19
ride,4.91,6.39
ridiculed,3.13,5.02
right,3.25,6.71
righteous,2.84,4.73
ring,0,6.18
rinse,4.59,5.2
ritual,4.7,4.43
river,6.63,6.06
roast,0,5.76
rob,4.59,5.48
robber,5.67,5.33
robbery,5,5.76
rock,6.37,6.34
rocket,0,5.71
rod,5.97,5.64
rolling,4.19,5.54
roof,0,5.92
room,5.56,6.76
rooster,0,4.25
rose,0,5.94
rosin,4.2,2.39
rough,4.77,5.98
round,5.41,6.16
routine,3,5.63
rover,4.69,3.49
rowboat,0,4.98
rubble,5.23,4.16
rudder,0,3.84
rude,3.63,5.9
rumour,3.03,5.22
runner,5.63,5.71
running,4.44,5.94
rural,4.66,5.6
rusty,5.34,5.32
sad,4.19,6.47
sadness,4.63,5.84
safety,4.27,6.1
sailboat,0,5.37
sailed,4.53,5.19
salad,6.53,6.16
salary,4.7,6.09
saloon,6.43,4.21
salt,5.56,6.58
salty,4.72,5.27
salutation,4.47,3.71
salute,5.77,4.88
sandal,0,4.73
sarcastic,4,5.56
satin,5.22,4.83
satire,3.37,5.17
sauce,5.8,4.89
savage,4.94,4.48
savant,3.07,2.15
save,2.44,5.94
scales,5.25,5.27
scarecrow,0,4.29
scarlet,6.37,4.4
scattered,3.88,5.27
schism,3.25,2.71
science,4.07,6.22
scissors,6.19,5.96
scornful,3.84,4.98
scorpion,6.27,3.82
screamed,5.13,5.64
screaming,5.28,5.59
sea,6.73,5.63
search,3.47,5.73
seasick,0,4.33
season,4.87,6.22
seat,6.4,6.49
secure,3.41,5.47
security,0,5.69
see,3.16,6.8
seedling,4.41,3.63
seedy,4.16,3.94
seldom,1.94,5.18
select,2.59,5.83
selfish,3.22,5.23
sell,3.53,6.31
semester,3.53,5.44
semicircle,0,4.51
sensation,3.67,5.43
sensible,2.91,5.47
sensitive,4.19,5.9
sentiment,3.57,5.23
sequel,2.09,2.87
serf,5.5,3.34
series,4.47,5.65
serious,3.44,6.33
sermons,5.53,5
served,2.72,6.1
session,3.67,5.45
settled,2.56,5.39
settlement,4.6,5.43
settler,5.4,4.24
sew,4.75,5.57
sexual,5.09,6.16
shadow,5.63,5.63
shadowy,4.31,5.02
shall,1.66,5.98
shallow,4.23,5.85
shame,4.1,5.71
sharp,4.97,6.12
shattered,4.47,5.19
sheep,6.03,5.02
sheepskin,6.13,4.22
shelter,4.88,5.49
shilling,4.97,3.55
shining,4.78,5.98
ship,6.67,5.84
shock,4.67,6
shoes,6.63,6.57
shore,6.63,5.71
short,3.94,6.51
shorts,0,5.94
shotgun,6.6,4.94
shoulder,5.94,6.09
shout,4.63,6.38
shriek,5.73,5.13
sickness,5.17,5.9
significant,1.97,5.65
signify,2.44,5.13
silence,4.1,6.18
similar,2.78,5.94
simile,2.9,4.79
simple,2.94,6.77
sincere,3.84,5.69
sinful,3.38,4.92
singer,6.17,6
singing,4.66,5.47
single,3.94,5.96
sit,4.56,6.49
situation,2.53,6
skeptical,2.69,4.85
sketch,5.22,4.83
sketched,4.41,4.84
skillet,6.1,4.06
skillful,3.44,5.37
skin,6.43,6.43
skirt,0,6.29
skull,6.47,5.31
sky,6.73,6.45
slapped,4.77,4.92
slave,6.23,4.69
sled,0,5.17
sleep,5.34,6.8
slight,2.68,5.52
slip,4.94,5.84
slipper,6.47,5.29
sloppy,4.19,5.82
slow,3.66,6.47
slowly,3.34,6.45
slush,6.27,5.51
small,3.88,6.66
smart,3.63,6.59
smarter,2.94,6.16
smoked,4.77,6.27
smooth,4.44,6.33
smug,3.13,4.15
snake,6.9,5.69
snapped,4.13,5.22
snow,6.34,6.85
so,1.28,6.88
sobriety,3.5,3.33
socialist,3.13,5.2
soft,4.81,6.33
soil,6,5.75
soldier,5.59,5.45
solemn,3.16,4.67
sometimes,1.94,6.33
son,5.81,6.47
sonata,4.53,3.06
songs,5.09,6.59
soothed,3.63,4.33
sophisticated,3.94,4.86
soul,2.13,5.85
sour,4.66,5.69
sovereign,5.73,4.53
speak,4.9,6.61
speakeasy,3.8,3.33
speaker,5.67,5.94
special,2.53,6.47
speech,4.33,6.04
spider,6.27,5.3
spinach,6.47,4.51
spire,5.57,3.49
spirit,3.43,5.59
spirited,4.09,4.65
spiteful,2.91,4.59
splendid,3.53,5.5
sported,2.66,4.27
spray,6.17,5.51
spree,4.27,4.55
square,6.37,6.27
squirrel,0,5.15
stagecoach,6.43,3.96
stain,5.93,5.59
stand,4.16,6.5
standard,2.78,6.04
stanza,4.66,4.73
star,6.7,6.09
started,2.25,6.51
startle,3.88,4.9
station,5.31,6.1
steadfast,0,4.08
steady,3.47,6.46
steal,4.38,6.15
steam,6.37,5.65
steamer,6.53,4.98
steerage,3,2.33
stem,5.28,5.35
stepping,4.13,5.79
stern,4.09,5.29
stethoscope,0,3.73
stingy,3.53,4.76
stomach,5.34,6
stone,6.23,6.26
stopped,3.72,6.47
storeroom,5.87,4.96
storm,6.43,5.83
story,4.66,6.55
stove,6.25,6.08
straight,4.5,6.44
strange,3.47,6.46
strawberry,6.8,5.52
street,6.57,6.58
strength,4.63,6.16
strengthen,3,5.77
strict,3.53,5.91
string,6.2,6.11
strong,4.56,6.43
strongest,3.66,6.17
stub,4.97,4.27
stubborn,3.75,5.83
student,6.27,6.83
studious,4.09,5.18
stumbled,3.59,4.81
style,3.83,5.96
stylish,3.84,5.26
substitute,3.13,5.4
subtle,2.39,5.27
subtraction,3.8,5.55
sudden,3.25,6.15
suds,6.4,5.12
suffrage,2.71,3.63
sugar,6.57,6.74
suggested,2.25,6.12
suggestion,0,6.09
suitcase,0,5.92
sullen,3.25,4.14
sulphur,6.03,4.66
sultan,5.57,2.96
summit,5.63,4.4
sunburn,6.7,5.41
sunset,6.83,5.66
superior,3.47,5.74
supplication,2.8,2.76
supplied,2.25,5.61
support,3.22,5.96
suppression,2.83,4.85
surplus,3.06,4.9
surrounded,4,5.44
surtax,1.63,3.57
survived,3.38,5.77
suspicious,3.38,5.63
swamp,6.33,4.78
swatted,4.66,3.83
sweet,4.72,6.38
sweetly,3.91,5.14
swift,4.22,5.32
swore,3.81,5.17
symmetrical,4.47,4.8
sympathetic,3.47,5.27
table,6.5,6.76
tablespoon,6.33,5.88
tactful,3.16,4.65
tactless,2.78,5.08
take,2.53,5.98
tale,3.5,5.33
talented,3.59,5.73
talk,3.72,6.65
talkative,3.75,5.47
tall,4.63,6.42
tank,6.23,5.61
tariff,3.41,4.35
taste,3.78,6.52
teacher,5.77,6.38
teepee,0,4.04
telephone,0,6.63
telescope,0,4.28
tell,2.59,6.56
temerity,2.33,1.76
temperamental,3.66,4.54
tempest,5.63,4.08
temple,6.13,4.8
tendency,2.2,5.33
tender,4.13,5.5
tense,3.59,5.6
tentative,2.03,4.82
tenure,1.78,2.51
terrible,4.03,6.45
territories,4.66,4.92
that,1.25,6.96
the,1.5,6.98
their,1.87,6.71
then,1.38,6.8
theologian,4.47,4.13
theory,2.57,5.9
there,1.91,6.96
therefore,1.53,6.39
thermometer,0,5.08
they,2.34,6.96
thick,4.69,6.19
thicket,5.6,3.79
thief,5.7,5.85
thimble,0,3.63
thin,4.72,6.28
think,2.59,6.69
thinner,4,5.71
thirsty,4.59,6.55
this,1.72,6.9
thistledown,3.83,2
thorn,6.33,4.94
thought,2.77,6.35
thoughtful,3.16,5.98
thread,0,5.18
threw,3.75,6.04
thrifty,3.44,4.8
ticker,3.56,3.69
ticket,6.2,6.29
tidbit,4.37,4.28
time,4.13,6.82
timepiece,6.1,4.09
timid,3.81,5.13
tired,4,6.7
tiresome,3.25,5.04
to,1.44,6.82
toast,6.57,6.43
toaster,0,5.54
tobacco,6.27,6.31
toga,5.28,3.31
together,4.09,6.43
tolerant,2.88,5.16
tomahawk,6.57,4.06
tomb,6.37,4.83
tool,5.77,5.94
top,4.44,6.5
topic,2.91,6.22
topped,3.09,5.13
tortoise,5.38,3.98
torture,4.84,5.34
tortured,4.97,5.02
tossing,3.59,5.49
towel,5.94,6.1
tower,6.53,4.88
toy,6.17,6.18
traced,3.31,5.2
traction,4.77,4.63
trade,3.63,5.77
tragedy,4.7,5.69
train,0,6.04
trainer,4.81,4.98
traitor,4.41,5.12
trampled,4.16,4.73
transform,2.53,5.35
trapeze,0,3.59
treason,3.28,4.36
tree,6.77,6.88
trellis,5.6,2.48
tremulous,2.78,2.96
triangle,0,5.31
tribute,3.57,4.6
tricycle,0,4.76
tried,2.5,6.37
tripod,6.23,3.39
triumphant,4.09,5.13
troops,6.13,6.13
trouble,3.53,6.29
truce,4.8,4.26
truck,6.6,6.6
true,2.97,6.73
trumpet,6.6,5.1
trustworthy,2.94,5
truth,2.73,6.45
try,2.31,6.61
tunes,4.59,5.33
tuning-fork,0,3.73
turmoil,4.13,4.71
tweezers,6.57,4.55
twilight,5.93,4.71
typhoon,5.5,3.71
ugly,5.06,6.21
umbrella,6.6,5.78
unbeliever,2.6,4.02
unclean,4.06,4.43
underworld,4.37,4.39
unfair,2,6.28
unification,2.77,3.89
uninteresting,3.16,5.49
unit,2.87,5.43
university,6.53,6.6
unkempt,3.66,3.45
unnatural,2.53,5.02
unpleasant,3.19,5.68
unpopular,2.56,5.4
unreality,2.1,4.27
unstable,3.19,5.33
untidy,4.5,5.55
up,3.66,6.82
upkeep,3.07,4.35
upset,4.16,5.74
upwards,3.31,5.47
us,3.88,6.75
useful,2.91,6.39
utensil,5.47,5.34
uttered,3.31,4.77
vacate,3.16,4.25
vaccination,5.97,4.82
vacuum,4.77,5.27
vague,2.66,5.78
vain,3,5.02
valley,6.57,5.43
valuable,4.03,5.98
vanity,3.83,4.73
vapour,4.8,4.75
vase,0,4.39
vegetable,5.83,6.44
vehicle,6.23,5.74
velocity,3.97,4.76
venom,4.23,3.96
verdant,2.94,1.38
versatile,2.81,4.65
vertical,5.06,5.49
very,1.63,6.78
vespers,3.25,2.4
vessel,5.9,5.28
vest,6.37,4.81
vestal,2.25,2.17
vestibule,5.43,3.55
veteran,4.26,4.83
vicious,4.28,4.8
victim,5.07,5.54
victory,4.93,5.92
vigilance,3.53,3.48
vigor,4.43,4.71
vigour,0,4.66
village,6.5,5.44
violation,3.57,5.27
violin,0,4.46
virtue,3.33,5.13
vision,4.73,5.65
visited,3.47,5.92
vista,2.75,3.2
vivacious,3.84,3.84
vivid,3.63,5.4
vocation,3.8,4.98
volcano,6.63,4.48
volume,4.53,5.51
voter,4.78,5.1
vulgar,3.84,5.41
wafer,4.63,4.51
wagon,0,4.83
wait,3.13,6.35
waiting,3.53,6.04
wall,5.84,6.67
wallet,0,6.21
waltzes,5.28,4.27
wampum,3.88,2.54
want,2.91,6.77
warbler,5.57,3.13
warm,4.28,6.53
warmth,5.7,6
was,1.88,6.81
wasteful,3.41,5.16
watch,0,6.41
watched,3,6.17
water,6.6,6.9
we,3.63,6.82
weak,3.63,6.17
weapon,5.73,5.85
weather,5.34,6.29
web,0,4.38
weeping,5.03,5.23
welfare,3.17,5.55
wench,5.3,3.61
were,1.5,6.82
wet,5.31,6.52
whale,6.5,5.19
whalebone,4.9,2.68
what,1.47,6.8
wheat,6.4,5.85
wheel,0,6.12
when,1.53,6.74
where,1.69,6.86
whether,1.27,5.68
whimper,4.28,4.56
whisker,5.28,5.02
whiskey,5.78,6.02
whistle,5.81,5.02
whistling,5,5.02
white,5.84,6.57
who,1.69,6.8
wholesaler,3.87,4.43
why,1.69,6.71
wicker,3.63,2.73
wide,4.16,6.22
wife,6.53,6.41
wigwam,6.23,3.43
wild,5.13,6.32
will,2.25,6.49
willing,3.09,5.77
windmill,0,4.08
window,6.37,6.59
wine,6.6,6.36
wing,0,5.2
winter,6.53,6.74
wisdom,3.63,5.46
wise,3.47,5.81
wish,3.44,6.14
wishes,2.97,5.69
wistfulness,3.13,3.18
witch,0,5.06
with,2.22,6.8
withdrawn,2.78,5.27
witless,2.91,3.61
witty,3.5,5.1
woman,6.7,6.8
won,4,6.43
wonderful,3.81,5.88
woods,6.7,6.04
workers,5.5,6.39
workhouse,4,3.35
working,4.38,6.61
world,5.97,6.7
would,1.5,6.67
wrong,2.94,6.5
xylophone,0,2.9
yacht,6.77,5.11
yards,4.84,6.27
yellow,5.97,5.94
yeoman,3.38,2.77
you,3.31,6.96
young,5.31,6.49
younger,3.59,6.32
yourself,4.09,6.58
zealous,2.94,3.57
zebra,0,3.73
zodiac,3.94,4.49
